station_name,longitude,latitude
Third Avenue–138th Street station,-73.92722222222223,40.81083333333333
Third Avenue–149th Street station,-73.9177777777778,40.81611111111111
138th Street–Grand Concourse station,-73.93,40.81305555555555
149th Street–Grand Concourse station,-73.92750000000002,40.81805555555556
149th Street–Grand Concourse station,-73.92750000000002,40.81805555555556
161st Street–Yankee Stadium station,-73.92583333333334,40.828055555555565
161st Street–Yankee Stadium station,-73.92583333333334,40.828055555555565
167th Street station (IND Concourse Line),-73.9177777777778,40.834444444444436
167th Street station (IRT Jerome Avenue Line),-73.9213888888889,40.835555555555565
170th Street station (IND Concourse Line),-73.91361111111112,40.83888888888889
170th Street station (IRT Jerome Avenue Line),-73.9177777777778,40.84027777777778
174th Street station (IRT White Plains Road Line),-73.88805555555557,40.83694444444445
174th–175th Streets station,-73.91027777777778,40.845833333333346
176th Street station,-73.91166666666669,40.84861111111111
182nd–183rd Streets station,-73.9002777777778,40.85666666666667
183rd Street station (IRT Jerome Avenue Line),-73.9038888888889,40.85833333333333
219th Street station,-73.86305555555555,40.883055555555565
225th Street station,-73.86,40.888055555555546
231st Street station,-73.905,40.87888888888889
233rd Street station,-73.85694444444444,40.89305555555556
238th Street station,-73.90060833333334,40.88509722222222
Allerton Avenue station,-73.86694444444444,40.865
Baychester Avenue station,-73.83833333333331,40.87861111111111
Bedford Park Boulevard station,-73.8877777777778,40.8725
Bedford Park Boulevard–Lehman College station,-73.88972222222223,40.87361111111111
Bronx Park East station,-73.86805555555554,40.8488888888889
Brook Avenue station,-73.91944444444445,40.8075
Buhre Avenue station,-73.8322222222222,40.84694444444445
Burke Avenue station,-73.86694444444444,40.87111111111111
Burnside Avenue station,-73.9075,40.853611111111114
Castle Hill Avenue station,-73.85166666666666,40.83416666666667
Cypress Avenue station,-73.91444444444446,40.80555555555555
East 143rd Street–St. Mary's Street station,-73.90777777777778,40.80805555555556
East 149th Street station,-73.90416666666667,40.81222222222222
East 180th Street station,-73.8738888888889,40.84111111111111
Eastchester–Dyre Avenue station,-73.83055555555555,40.88916666666667
Elder Avenue station,-73.87916666666666,40.828611111111115
Fordham Road station (IND Concourse Line),-73.89722222222224,40.8625
Fordham Road station (IRT Jerome Avenue Line),-73.90111111111112,40.86277777777778
Freeman Street station,-73.89194444444446,40.83000000000001
Gun Hill Road station (IRT Dyre Avenue Line),-73.84583333333333,40.87027777777778
Gun Hill Road station (IRT White Plains Road Line),-73.86694444444444,40.876944444444455
Hunts Point Avenue station,-73.8916666666667,40.820555555555565
Intervale Avenue station,-73.89694444444446,40.821944444444455
Jackson Avenue station (IRT White Plains Road Line),-73.90805555555556,40.81638888888889
Kingsbridge Road station (IND Concourse Line),-73.89444444444446,40.86611111111111
Kingsbridge Road station (IRT Jerome Avenue Line),-73.89722222222224,40.867777777777775
Longwood Avenue station,-73.89611111111111,40.81638888888889
Middletown Road station,-73.83666666666666,40.84333333333333
Morris Park station,-73.86027777777777,40.854444444444454
Morrison Avenue–Soundview station,-73.87444444444444,40.82944444444445
Mosholu Parkway station,-73.88472222222222,40.87972222222222
Mount Eden Avenue station,-73.91472222222222,40.844166666666666
Nereid Avenue station,-73.85388888888889,40.898055555555565
Norwood–205th Street station,-73.87944444444443,40.875
Parkchester station,-73.86097222222223,40.833333333333336
Pelham Bay Park station,-73.82722222222222,40.85277777777778
Pelham Parkway station (IRT Dyre Avenue Line),-73.85611111111109,40.858055555555566
Pelham Parkway station (IRT White Plains Road Line),-73.86805555555554,40.85694444444445
Prospect Avenue station (IRT White Plains Road Line),-73.90111111111112,40.818888888888885
Simpson Street station,-73.89305555555556,40.823888888888895
St. Lawrence Avenue station,-73.86722222222221,40.83166666666667
Tremont Avenue station,-73.90611111111113,40.84944444444445
Van Cortlandt Park–242nd Street station,-73.89861111111112,40.88916666666667
Wakefield–241st Street station,-73.85,40.90305555555555
West Farms Square–East Tremont Avenue station,-73.88333333333334,40.833333333333336
Westchester Square–East Tremont Avenue station,-73.84194444444444,40.84055555555556
Whitlock Avenue station,-73.88611111111112,40.8275
Woodlawn station (IRT Jerome Avenue Line),-73.87888888888888,40.88611111111111
Zerega Avenue station,-73.84666666666666,40.836666666666666
Fourth Avenue/Ninth Street station,-73.98972222222223,40.670277777777784
Seventh Avenue station (BMT Brighton Line),-73.97361111111111,40.679444444444435
Seventh Avenue station (IND Culver Line),-73.9816,40.66683055555556
Eighth Avenue station (BMT Sea Beach Line),-74.01069444444444,40.63455833333333
Ninth Avenue station,-73.99472222222222,40.64666666666667
Fourth Avenue/Ninth Street station,-73.98972222222223,40.670277777777784
15th Street–Prospect Park station,-73.97916666666667,40.66055555555555
18th Avenue station (IND Culver Line),-73.97696388888889,40.629625
18th Avenue station (BMT Sea Beach Line),-73.98944444444443,40.62001944444445
18th Avenue station (BMT West End Line),-74.00222222222223,40.60861111111111
20th Avenue station (BMT Sea Beach Line),-73.98483333333333,40.61716388888889
20th Avenue station (BMT West End Line),-73.99861111111113,40.60472222222222
25th Avenue station,-73.98666666666666,40.59777777777778
25th Street station (BMT Fourth Avenue Line),-73.99805555555554,40.66055555555555
36th Street station (BMT Fourth Avenue Line),-74.00444444444446,40.65416666666667
45th Street station (BMT Fourth Avenue Line),-74.00944444444444,40.649444444444434
50th Street station (BMT West End Line),-73.995,40.63611111111111
53rd Street station (BMT Fourth Avenue Line),-74.01444444444445,40.64472222222222
55th Street station,-73.99583333333334,40.631944444444436
59th Street station (BMT Fourth Avenue Line),-74.01777777777778,40.64138888888889
62nd Street/New Utrecht Avenue station,-73.99777777777777,40.626111111111115
71st Street station,-73.9988888888889,40.619166666666665
77th Street station (BMT Fourth Avenue Line),-74.02583333333334,40.62944444444445
79th Street station (BMT West End Line),-74.00138888888887,40.613333333333344
86th Street station (BMT Fourth Avenue Line),-74.02833333333334,40.622777777777785
86th Street station (BMT Sea Beach Line),-73.97826111111111,40.59265555555556
Alabama Avenue station,-73.9,40.67694444444445
Atlantic Avenue station (BMT Canarsie Line),-73.90305555555557,40.67583333333333
Atlantic Avenue–Barclays Center station,-73.97888888888889,40.68444444444444
Atlantic Avenue–Barclays Center station,-73.97888888888889,40.68444444444444
Atlantic Avenue–Barclays Center station,-73.97888888888889,40.68444444444444
Avenue H station,-73.96194444444444,40.63
Avenue I station,-73.97621944444445,40.62592222222222
Avenue J station,-73.96138888888889,40.625277777777775
Avenue M station,-73.95972222222224,40.61833333333333
Avenue N station,-73.97421944444444,40.615044444444436
Avenue P station,-73.9730138888889,40.6087388888889
Avenue U station (BMT Brighton Line),-73.95583333333333,40.5988888888889
Avenue U station (IND Culver Line),-73.97331944444444,40.59615
Avenue U station (BMT Sea Beach Line),-73.97896666666666,40.59649444444445
Avenue X station,-73.974125,40.59014166666667
Bay 50th Street station,-73.98388888888887,40.58888888888889
Bay Parkway station (IND Culver Line),-73.97523055555557,40.62086111111111
Bay Parkway station (BMT Sea Beach Line),-73.98199166666667,40.61288611111111
Bay Parkway station (BMT West End Line),-73.99416666666667,40.60277777777778
Bay Ridge Avenue station,-74.02361111111111,40.634722222222216
Bay Ridge–95th Street station,-74.03122222222223,40.616166666666665
Bedford Avenue station,-73.9575,40.71777777777777
Bedford–Nostrand Avenues station,-73.95361111111113,40.689722222222215
Bergen Street station (IND Culver Line),-73.99000555555557,40.68725277777777
Bergen Street station (IRT Eastern Parkway Line),-73.97500000000002,40.68083333333333
Beverley Road station,-73.96444444444445,40.64472222222222
Beverly Road station,-73.94916666666667,40.645
Borough Hall/Court Street station,-73.99027777777778,40.69361111111111
Borough Hall/Court Street station,-73.99027777777778,40.69361111111111
Franklin Avenue/Botanic Garden station,-73.95861111111111,40.67083333333333
Brighton Beach station (BMT Brighton Line),-73.96166666666667,40.5775
Broadway station (IND Crosstown Line),-73.9502777777778,40.70555555555556
Broadway Junction station,-73.9034527777778,40.67891944444444
Broadway Junction station,-73.9034527777778,40.67891944444444
Broadway Junction station,-73.9034527777778,40.67891944444444
Bushwick Avenue–Aberdeen Street station,-73.90527777777778,40.68277777777777
Canarsie–Rockaway Parkway station,-73.9025,40.64527777777778
Carroll Street station,-73.99472222222222,40.680277777777775
Central Avenue station (BMT Myrtle Avenue Line),-73.92527777777778,40.69805555555556
Chauncey Street station,-73.91000000000003,40.6825
Church Avenue station (BMT Brighton Line),-73.96361111111112,40.649722222222216
Church Avenue station (IND Culver Line),-73.97944444444444,40.64277777777778
Church Avenue station (IRT Nostrand Avenue Line),-73.95,40.65083333333333
Clark Street station,-73.99305555555556,40.6975
Classon Avenue station,-73.96000000000002,40.68888888888888
Cleveland Street station,-73.88555555555557,40.67972222222222
Clinton–Washington Avenues station (IND Crosstown Line),-73.96694444444445,40.68805555555555
Clinton–Washington Avenues station (IND Fulton Street Line),-73.96583333333334,40.68305555555556
Coney Island–Stillwell Avenue station,-73.98111111111113,40.577222222222225
Cortelyou Road station,-73.96416666666667,40.641666666666666
Borough Hall/Court Street station,-73.99027777777778,40.69361111111111
Crescent Street station (BMT Jamaica Line),-73.87249999999997,40.68361111111111
Crown Heights–Utica Avenue station,-73.93111111111112,40.66888888888889
Cypress Hills station,-73.87305555555554,40.689722222222215
DeKalb Avenue station (BMT lines),-73.98222222222222,40.69027777777777
DeKalb Avenue station (BMT Canarsie Line),-73.91916666666667,40.70416666666667
Ditmas Avenue station,-73.97817222222223,40.63626388888889
East 105th Street station,-73.89888888888889,40.65138888888889
Eastern Parkway–Brooklyn Museum station,-73.96277777777777,40.67166666666667
Euclid Avenue station (IND Fulton Street Line),-73.87194444444444,40.67527777777777
Flatbush Avenue–Brooklyn College station,-73.94748611111113,40.63236111111111
Flushing Avenue station (IND Crosstown Line),-73.9502777777778,40.69972222222222
Flushing Avenue station (BMT Jamaica Line),-73.94194444444446,40.70055555555556
Fort Hamilton Parkway station (IND Culver Line),-73.97585555555554,40.651455555555565
Fort Hamilton Parkway station (BMT Sea Beach Line),-74.006525,40.6321
Fort Hamilton Parkway station (BMT West End Line),-73.99444444444444,40.64083333333333
Franklin Avenue–Fulton Street station,-73.95583333333333,40.681111111111115
Franklin Avenue–Fulton Street station,-73.95583333333333,40.681111111111115
Franklin Avenue/Botanic Garden station,-73.95861111111111,40.67083333333333
Fulton Street station (IND Crosstown Line),-73.97638888888889,40.686944444444435
Gates Avenue station,-73.92194444444445,40.68944444444444
Graham Avenue station,-73.94444444444444,40.71444444444445
Grand Army Plaza station,-73.97055555555556,40.67472222222222
Grand Street station (BMT Canarsie Line),-73.94083333333333,40.71194444444445
Grant Avenue station (IND Fulton Street Line),-73.86555555555555,40.676666666666655
Greenpoint Avenue station,-73.95416666666667,40.73027777777778
Halsey Street station (BMT Canarsie Line),-73.905,40.696111111111115
Halsey Street station (BMT Jamaica Line),-73.91555555555556,40.685555555555545
Hewes Street station,-73.95305555555557,40.70666666666667
High Street station (IND Eighth Avenue Line),-73.98972222222223,40.69888888888889
Hoyt Street station,-73.985,40.69055555555556
Hoyt–Schermerhorn Streets station,-73.98614166666667,40.68902222222222
Jay Street–MetroTech station,-73.98723333333334,40.693680555555545
Jay Street–MetroTech station,-73.98723333333334,40.693680555555545
Jefferson Street station,-73.9236111111111,40.70694444444445
Junius Street station,-73.90138888888889,40.66361111111111
Kings Highway station (BMT Brighton Line),-73.95888888888891,40.60916666666667
Kings Highway station (IND Culver Line),-73.97234444444446,40.603186111111114
Kings Highway station (BMT Sea Beach Line),-73.98023055555555,40.603147222222226
Kingston Avenue station,-73.94222222222223,40.66944444444445
Kingston–Throop Avenues station,-73.94055555555556,40.67972222222222
Knickerbocker Avenue station,-73.91833333333334,40.69861111111111
Kosciuszko Street station,-73.92861111111111,40.69333333333333
Lafayette Avenue station (IND Fulton Street Line),-73.97444444444444,40.686388888888885
Liberty Avenue station,-73.89638888888891,40.67444444444444
Livonia Avenue station,-73.90055555555556,40.66361111111111
Metropolitan Avenue/Lorimer Street station,-73.9513888888889,40.71277777777778
Lorimer Street station (BMT Jamaica Line),-73.9477777777778,40.70416666666667
Marcy Avenue station,-73.95805555555556,40.708333333333336
Metropolitan Avenue/Lorimer Street station,-73.9513888888889,40.71277777777778
Montrose Avenue station,-73.94,40.7075
Morgan Avenue station,-73.93194444444445,40.70638888888889
Myrtle Avenue station (BMT Jamaica Line),-73.93527777777777,40.69694444444443
Myrtle–Willoughby Avenues station,-73.94916666666667,40.69472222222222
Myrtle–Wyckoff Avenues station,-73.91111111111111,40.69944444444444
Myrtle–Wyckoff Avenues station,-73.91111111111111,40.69944444444444
Nassau Avenue station,-73.95083333333334,40.7238888888889
Neck Road station,-73.95527777777778,40.595
Neptune Avenue station,-73.97456666666669,40.58039722222223
Nevins Street station,-73.98083333333334,40.688611111111115
New Lots Avenue station (BMT Canarsie Line),-73.89944444444446,40.65888888888889
New Lots Avenue station (IRT New Lots Line),-73.8825,40.66638888888889
62nd Street/New Utrecht Avenue station,-73.99777777777777,40.626111111111115
Newkirk Avenue station,-73.94833333333334,40.64
Norwood Avenue station,-73.87916666666666,40.681666666666665
Newkirk Plaza station,-73.96305555555556,40.63583333333333
Nostrand Avenue station (IRT Eastern Parkway Line),-73.95055555555554,40.66972222222222
Nostrand Avenue station (IND Fulton Street Line),-73.94972222222222,40.68055555555555
Ocean Parkway station,-73.96861111111113,40.576388888888886
Park Place station (BMT Franklin Avenue Line),-73.95777777777778,40.67444444444444
Parkside Avenue station,-73.96166666666667,40.65527777777777
Pennsylvania Avenue station (IRT New Lots Line),-73.89416666666669,40.66472222222223
President Street–Medgar Evers College station,-73.95055555555554,40.66805555555555
Prospect Avenue station (BMT Fourth Avenue Line),-73.99305555555556,40.665277777777774
Prospect Park station (BMT lines),-73.9625,40.66138888888889
Ralph Avenue station (IND Fulton Street Line),-73.92166666666667,40.678888888888885
Rockaway Avenue station (IND Fulton Street Line),-73.91083333333334,40.67833333333333
Rockaway Avenue station (IRT New Lots Line),-73.9088888888889,40.6625
Saratoga Avenue station (IRT New Lots Line),-73.91555555555556,40.661666666666655
Sheepshead Bay station,-73.95333333333333,40.587222222222216
Shepherd Avenue station,-73.88083333333333,40.674166666666665
Smith–Ninth Streets station,-73.99722222222222,40.67444444444444
Sterling Street station,-73.95083333333334,40.66305555555555
Sutter Avenue station,-73.90166666666667,40.66833333333333
Sutter Avenue–Rutland Road station,-73.92277777777778,40.665
Union Street station (BMT Fourth Avenue Line),-73.98305555555554,40.67722222222222
Utica Avenue station,-73.92916666666667,40.67916666666667
Van Siclen Avenue station (IND Fulton Street Line),-73.89027777777778,40.672777777777775
Van Siclen Avenue station (BMT Jamaica Line),-73.8916666666667,40.678055555555545
Van Siclen Avenue station (IRT New Lots Line),-73.88861111111113,40.665555555555564
West Eighth Street–New York Aquarium station,-73.9758,40.57617777777778
Wilson Avenue station,-73.90444444444445,40.688611111111115
Winthrop Street station,-73.9502777777778,40.656944444444434
York Street station (IND Sixth Avenue Line),-73.98666666666666,40.70166666666667
First Avenue station (BMT Canarsie Line),-73.9825,40.7313888888889
Second Avenue station,-73.99111111111111,40.72361111111111
Third Avenue station (BMT Canarsie Line),-73.98722222222223,40.73333333333333
Fifth Avenue/53rd Street station,-73.97555555555556,40.76027777777778
Fifth Avenue–59th Street station,-73.9725,40.764722222222225
42nd Street–Bryant Park/Fifth Avenue station,-73.98416666666667,40.75472222222222
14th Street/Sixth Avenue station,-73.99666666666667,40.73722222222222
Seventh Avenue station (IND lines),-73.98194444444445,40.763055555555546
14th Street/Eighth Avenue station,-74.0025,40.73972222222222
Eighth Street–New York University station,-73.9925,40.73055555555555
14th Street/Sixth Avenue station,-73.99666666666667,40.73722222222222
14th Street/Eighth Avenue station,-74.0025,40.73972222222222
14th Street/Sixth Avenue station,-73.99666666666667,40.73722222222222
14th Street–Union Square station,-73.99027777777778,40.73472222222223
14th Street–Union Square station,-73.99027777777778,40.73472222222223
14th Street–Union Square station,-73.99027777777778,40.73472222222223
18th Street station (IRT Broadway–Seventh Avenue Line),-73.99805555555554,40.74111111111111
23rd Street station (IND Sixth Avenue Line),-73.99277777777776,40.743055555555564
23rd Street station (IND Eighth Avenue Line),-73.99861111111113,40.74527777777778
23rd Street station (BMT Broadway Line),-73.98916666666666,40.741388888888885
23rd Street station (IRT Broadway–Seventh Avenue Line),-73.99611111111109,40.74388888888889
23rd Street station (IRT Lexington Avenue Line),-73.9863888888889,40.740277777777784
28th Street station (BMT Broadway Line),-73.98888888888891,40.74527777777778
28th Street station (IRT Broadway–Seventh Avenue Line),-73.99305555555556,40.74694444444445
28th Street station (IRT Lexington Avenue Line),-73.98416666666667,40.74333333333333
33rd Street station (IRT Lexington Avenue Line),-73.98194444444445,40.74638888888889
34th Street–Herald Square station,-73.98805555555556,40.749444444444435
34th Street–Herald Square station,-73.98805555555556,40.749444444444435
34th Street–Hudson Yards station,-74.0019611111111,40.75583888888889
34th Street–Penn Station (IND Eighth Avenue Line),-73.99361111111111,40.752222222222215
34th Street–Penn Station (IRT Broadway–Seventh Avenue Line),-73.99111111111111,40.751111111111115
42nd Street–Bryant Park/Fifth Avenue station,-73.98416666666667,40.75472222222222
Times Square–42nd Street/Port Authority Bus Terminal station,-73.987,40.756
47th–50th Streets–Rockefeller Center station,-73.98138888888889,40.758611111111115
49th Street station (BMT Broadway Line),-73.98388888888887,40.76055555555556
50th Street station (IND lines),-73.9861111111111,40.76222222222222
50th Street station (IRT Broadway–Seventh Avenue Line),-73.98388888888887,40.76111111111111
Lexington Avenue/51st Street station,-73.97194444444446,40.756944444444436
57th Street station (IND Sixth Avenue Line),-73.97722222222222,40.76416666666667
57th Street–Seventh Avenue station,-73.98,40.765555555555565
Lexington Avenue/59th Street station,-73.96777777777778,40.7625
59th Street–Columbus Circle station,-73.98194444444445,40.76805555555556
59th Street–Columbus Circle station,-73.98194444444445,40.76805555555556
66th Street–Lincoln Center station,-73.98194444444445,40.77388888888889
68th Street–Hunter College station,-73.96416666666667,40.76777777777777
72nd Street station (Second Avenue Subway),-73.95833333333334,40.76888888888889
72nd Street station (IND Eighth Avenue Line),-73.97611111111111,40.77611111111111
72nd Street station (IRT Broadway–Seventh Avenue Line),-73.98194444444445,40.778888888888886
77th Street station (IRT Lexington Avenue Line),-73.96000000000002,40.77361111111111
79th Street station (IRT Broadway–Seventh Avenue Line),-73.98,40.78388888888889
81st Street–Museum of Natural History station,-73.97166666666666,40.781944444444434
86th Street station (Second Avenue Subway),-73.95175,40.777861111111115
86th Street station (IND Eighth Avenue Line),-73.96944444444446,40.78527777777778
86th Street station (IRT Broadway–Seventh Avenue Line),-73.97638888888889,40.78833333333333
86th Street station (IRT Lexington Avenue Line),-73.95555555555556,40.77944444444445
96th Street station (Second Avenue Subway),-73.94722222222222,40.78416666666666
96th Street station (IND Eighth Avenue Line),-73.96472222222222,40.79166666666666
96th Street station (IRT Broadway–Seventh Avenue Line),-73.97194444444446,40.794166666666655
96th Street station (IRT Lexington Avenue Line),-73.95083333333334,40.78583333333333
103rd Street station (IND Eighth Avenue Line),-73.96138888888889,40.79611111111111
103rd Street station (IRT Broadway–Seventh Avenue Line),-73.96805555555554,40.79944444444444
103rd Street station (IRT Lexington Avenue Line),-73.9477777777778,40.790277777777774
110th Street station (IRT Lexington Avenue Line),-73.94444444444444,40.79472222222222
116th Street station (IND Eighth Avenue Line),-73.95527777777778,40.804444444444435
116th Street station (IRT Lenox Avenue Line),-73.95,40.80194444444445
116th Street station (IRT Lexington Avenue Line),-73.94194444444446,40.798611111111114
116th Street–Columbia University station,-73.96388888888889,40.80805555555556
125th Street station (IND Eighth Avenue Line),-73.95277777777778,40.81083333333333
125th Street station (IRT Broadway–Seventh Avenue Line),-73.95805555555556,40.815
125th Street station (IRT Lenox Avenue Line),-73.94500000000002,40.80694444444444
125th Street station (IRT Lexington Avenue Line),-73.9375,40.80416666666667
135th Street station (IND Eighth Avenue Line),-73.94805555555557,40.81722222222223
135th Street station (IRT Lenox Avenue Line),-73.94111111111111,40.81388888888888
137th Street–City College station,-73.9538888888889,40.821111111111115
145th Street station (IND lines),-73.94472222222224,40.82416666666667
145th Street station (IRT Broadway–Seventh Avenue Line),-73.95,40.82611111111112
145th Street station (IRT Lenox Avenue Line),-73.93611111111113,40.820555555555565
155th Street station (IND Eighth Avenue Line),-73.94138888888891,40.830833333333345
155th Street station (IND Concourse Line),-73.93916666666667,40.83000000000001
157th Street station,-73.94388888888889,40.833888888888886
163rd Street–Amsterdam Avenue station,-73.94,40.83694444444445
168th Street station (New York City Subway),-73.93972222222223,40.84111111111111
168th Street station (New York City Subway),-73.93972222222223,40.84111111111111
175th Street station (IND Eighth Avenue Line),-73.94,40.84666666666667
181st Street station (IND Eighth Avenue Line),-73.93805555555556,40.85166666666667
181st Street station (IRT Broadway–Seventh Avenue Line),-73.93388888888889,40.8488888888889
190th Street station,-73.93388888888889,40.85888888888889
191st Street station,-73.92888888888889,40.855
207th Street station,-73.91888888888889,40.86444444444445
215th Street station,-73.915,40.869444444444454
Astor Place station,-73.99166666666667,40.72972222222222
Broadway–Lafayette Street/Bleecker Street station,-73.99472222222222,40.72583333333333
Bowery station,-73.99416666666667,40.72027777777778
Bowling Green station,-74.01444444444445,40.70416666666667
Broad Street station (BMT Nassau Street Line),-74.01083333333334,40.70694444444445
Broadway–Lafayette Street/Bleecker Street station,-73.99472222222222,40.72583333333333
Brooklyn Bridge–City Hall/Chambers Street station,-74.00472222222223,40.71277777777778
Canal Street station (IND Eighth Avenue Line),-74.00527777777778,40.72194444444445
Canal Street station (New York City Subway),-74.0,40.718055555555566
Canal Street station (New York City Subway),-74.0,40.718055555555566
Canal Street station (IRT Broadway–Seventh Avenue Line),-74.00611111111111,40.72194444444445
Canal Street station (New York City Subway),-74.0,40.718055555555566
Canal Street station (New York City Subway),-74.0,40.718055555555566
Cathedral Parkway–110th Street station (IND Eighth Avenue Line),-73.95833333333334,40.80055555555556
Cathedral Parkway–110th Street station (IRT Broadway–Seventh Avenue Line),-73.96694444444445,40.803888888888885
Central Park North–110th Street station,-73.95222222222222,40.798611111111114
Chambers Street–World Trade Center/Park Place/Cortlandt Street station,-74.00972222222222,40.71277777777778
Chambers Street station (IRT Broadway–Seventh Avenue Line),-74.00916666666667,40.71555555555556
Brooklyn Bridge–City Hall/Chambers Street station,-74.00472222222223,40.71277777777778
Christopher Street–Sheridan Square station,-74.00305555555556,40.733055555555566
City Hall station (BMT Broadway Line),-74.00694444444444,40.713333333333345
Chambers Street–World Trade Center/Park Place/Cortlandt Street station,-74.00972222222222,40.71277777777778
Delancey Street/Essex Street station,-73.98833333333333,40.718611111111116
Dyckman Street station (IND Eighth Avenue Line),-73.92722222222223,40.86555555555557
Dyckman Street station (IRT Broadway–Seventh Avenue Line),-73.92500000000003,40.861111111111114
East Broadway station,-73.99027777777778,40.71416666666667
Delancey Street/Essex Street station,-73.98833333333333,40.718611111111116
Franklin Street station (IRT Broadway–Seventh Avenue Line),-74.00694444444444,40.71888888888889
Fulton Street station (New York City Subway),-74.00777777777778,40.71027777777778
Fulton Street station (New York City Subway),-74.00777777777778,40.71027777777778
Fulton Street station (New York City Subway),-74.00777777777778,40.71027777777778
Fulton Street station (New York City Subway),-74.00777777777778,40.71027777777778
Grand Central–42nd Street station,-73.9775,40.752222222222215
Grand Central–42nd Street station,-73.9775,40.752222222222215
Grand Central–42nd Street station,-73.9775,40.752222222222215
Grand Street station (IND Sixth Avenue Line),-73.99388888888889,40.718055555555566
Harlem–148th Street station,-73.93694444444445,40.823888888888895
Houston Street station (IRT Broadway–Seventh Avenue Line),-74.00527777777778,40.728611111111114
Inwood–207th Street station,-73.92111111111113,40.867777777777775
Lexington Avenue/51st Street station,-73.97194444444446,40.756944444444436
Lexington Avenue/59th Street station,-73.96777777777778,40.7625
Lexington Avenue–63rd Street station,-73.96638888888889,40.764722222222225
Marble Hill–225th Street station,-73.91000000000003,40.873888888888885
Chambers Street–World Trade Center/Park Place/Cortlandt Street station,-74.00972222222222,40.71277777777778
Prince Street station,-73.99777777777777,40.72416666666667
Rector Street station (BMT Broadway Line),-74.01305555555554,40.70777777777778
Rector Street station (IRT Broadway–Seventh Avenue Line),-74.01305555555554,40.70805555555556
Roosevelt Island station,-73.95333333333333,40.759166666666665
South Ferry/Whitehall Street station,-74.01277777777777,40.7025
Spring Street station (IND Eighth Avenue Line),-74.00416666666666,40.725555555555566
Spring Street station (IRT Lexington Avenue Line),-73.99722222222222,40.72222222222222
Times Square–42nd Street/Port Authority Bus Terminal station,-73.987,40.756
Times Square–42nd Street/Port Authority Bus Terminal station,-73.987,40.756
Times Square–42nd Street/Port Authority Bus Terminal station,-73.987,40.756
Times Square–42nd Street/Port Authority Bus Terminal station,-73.987,40.756
Wall Street station (IRT Broadway–Seventh Avenue Line),-74.00944444444444,40.70638888888889
Wall Street station (IRT Lexington Avenue Line),-74.01166666666667,40.70777777777778
West Fourth Street–Washington Square station,-74.00083333333333,40.73166666666667
South Ferry/Whitehall Street station,-74.01277777777777,40.7025
Chambers Street–World Trade Center/Park Place/Cortlandt Street station,-74.00972222222222,40.71277777777778
WTC Cortlandt station,-74.0125,40.711111111111116
21st Street station (IND Crosstown Line),-73.94861111111112,40.744722222222215
21st Street–Queensbridge station,-73.94250000000002,40.75388888888889
30th Avenue station,-73.9213888888889,40.766944444444434
33rd Street–Rawson Street station,-73.93130555555554,40.744616666666666
36th Avenue station,-73.92972222222222,40.75666666666667
36th Street station (IND Queens Boulevard Line),-73.92777777777778,40.751944444444455
39th Avenue station (BMT Astoria Line),-73.93305555555554,40.75277777777778
40th Street–Lowery Street station,-73.9241777777778,40.743811111111114
46th Street station (IND Queens Boulevard Line),-73.91416666666667,40.75666666666667
46th Street–Bliss Street station,-73.9184027777778,40.74313333333333
52nd Street station (IRT Flushing Line),-73.91286388888891,40.744036111111114
61st Street–Woodside station,-73.90296666666667,40.745608333333344
63rd Drive–Rego Park station,-73.86194444444443,40.73
65th Street station (IND Queens Boulevard Line),-73.89722222222224,40.749444444444435
67th Avenue station,-73.85361111111109,40.72694444444445
69th Street station (IRT Flushing Line),-73.89685,40.746258333333344
Jackson Heights–Roosevelt Avenue/74th Street station,-73.89111111111113,40.74666666666667
75th Avenue station,-73.83777777777777,40.718611111111116
75th Street–Elderts Lane station,-73.86666666666666,40.69138888888889
80th Street station (IND Fulton Street Line),-73.85777777777777,40.679444444444435
82nd Street–Jackson Heights station,-73.88382777777778,40.74763055555556
85th Street–Forest Parkway station,-73.86027777777777,40.6925
88th Street station,-73.85083333333333,40.67972222222222
90th Street–Elmhurst Avenue station,-73.87638888888887,40.748333333333335
103rd Street–Corona Plaza station,-73.86273333333331,40.749825
104th Street station (IND Fulton Street Line),-73.83722222222222,40.682222222222215
104th Street station (BMT Jamaica Line),-73.84333333333333,40.695277777777775
111th Street station (IRT Flushing Line),-73.85563611111111,40.75171388888889
111th Street station (IND Fulton Street Line),-73.83111111111111,40.68472222222222
111th Street station (BMT Jamaica Line),-73.83722222222222,40.69694444444443
121st Street station (BMT Jamaica Line),-73.82888888888887,40.70027777777778
169th Street station (IND Queens Boulevard Line),-73.79305555555554,40.710555555555565
Aqueduct Racetrack station,-73.83583333333333,40.67222222222222
Aqueduct–North Conduit Avenue station,-73.83416666666666,40.66833333333333
Astoria Boulevard station,-73.91805555555554,40.77
Astoria–Ditmars Boulevard station,-73.91083333333334,40.77611111111111
Beach 25th Street station,-73.76142222222222,40.60006111111111
Beach 36th Street station,-73.76805555555555,40.59527777777778
Beach 44th Street station,-73.77611111111109,40.593055555555566
Beach 60th Street station,-73.78861111111111,40.5925
Beach 67th Street station,-73.79694444444445,40.590833333333336
Beach 90th Street station,-73.8136111111111,40.58805555555556
Beach 98th Street station,-73.82027777777778,40.585555555555565
Beach 105th Street station,-73.8275,40.583333333333336
Briarwood station,-73.81972222222224,40.709722222222226
Broad Channel station,-73.81611111111111,40.60861111111111
Broadway station (BMT Astoria Line),-73.92527777777778,40.76194444444445
Court Square–23rd Street station,-73.94500000000002,40.7475
Court Square–23rd Street station,-73.94500000000002,40.7475
Court Square–23rd Street station,-73.94500000000002,40.7475
Elmhurst Avenue station,-73.88111111111111,40.74166666666667
Far Rockaway–Mott Avenue station,-73.75555555555556,40.60388888888889
Flushing–Main Street station (IRT Flushing Line),-73.83027777777778,40.759444444444455
Forest Avenue station,-73.90194444444445,40.704722222222216
Forest Hills–71st Avenue station,-73.84388888888887,40.72138888888889
Fresh Pond Road station,-73.89666666666669,40.705833333333345
Grand Avenue–Newtown station,-73.8775,40.736944444444454
Howard Beach–JFK Airport station,-73.83027777777778,40.66027777777778
Hunters Point Avenue station,-73.94925833333333,40.74238055555556
Jackson Heights–Roosevelt Avenue/74th Street station,-73.89111111111113,40.74666666666667
Jamaica Center–Parsons/Archer station,-73.8,40.7025
Jamaica–179th Street station,-73.78444444444446,40.71250000000001
Jamaica–Van Wyck station,-73.81666666666666,40.70194444444445
Junction Boulevard station,-73.86909722222221,40.749175
Kew Gardens–Union Turnpike station,-73.83083333333333,40.71416666666667
Mets–Willets Point station (IRT Flushing Line),-73.84558055555556,40.754558333333335
Middle Village–Metropolitan Avenue station,-73.88916666666667,40.712222222222216
Northern Boulevard station,-73.90694444444446,40.75333333333333
Ozone Park–Lefferts Boulevard station,-73.82416666666666,40.68611111111111
Parsons Boulevard station,-73.80277777777778,40.70777777777778
Queens Plaza station,-73.9375,40.748888888888885
Queensboro Plaza station,-73.94034444444446,40.75065277777778
Rockaway Boulevard station,-73.8436111111111,40.68055555555555
Rockaway Park–Beach 116th Street station,-73.83611111111111,40.580833333333345
Seneca Avenue station,-73.90777777777778,40.70277777777778
Steinway Street station,-73.91888888888889,40.758611111111115
Sutphin Boulevard station (IND Queens Boulevard Line),-73.80972222222222,40.705833333333345
Sutphin Boulevard–Archer Avenue–JFK Airport station,-73.80777777777777,40.70055555555556
Vernon Boulevard–Jackson Avenue station,-73.9538888888889,40.74277777777778
Woodhaven Boulevard station (BMT Jamaica Line),-73.85222222222221,40.69361111111111
Woodhaven Boulevard station (IND Queens Boulevard Line),-73.87027777777777,40.73333333333333
